{
	"search_pathes": [
		{
			"pathes": "Source",
			"platforms": "Win32;Win64"
		}
	],
	"browsing_pathes": [
		{
			"pathes": "Source",
			"platforms": "Win32;Win64"
		}
	],
	"source_folders": [
		{
			"folder": "source",
			"base": "",
			"recursive": true,
			"filter": "*;*.*"
		},
		{
			"folder": "Packages",
			"base": "",
			"recursive": true,
			"filter": "*;*.*"
		},
		{
			"folder": "Design",
			"base": "",
			"recursive": true,
			"filter": "*;*.*"
		}
	],
	"projects": [
		{
			"project": "Packages\\RAD Studio XE3\\VirtualTreeView.groupproj",
			"compiler_max": 26
		},
		{
			"project": "Packages\\RAD Studio XE6\\VirtualTreeView.groupproj",
			"compiler": 27
		},
		{
			"project": "Packages\\RAD Studio XE7\\VirtualTreeView.groupproj",
			"compiler": 28
		},
		{
			"project": "Packages\\RAD Studio XE8\\VirtualTreeView.groupproj",
			"compiler": 29
		},
		{
			"project": "Packages\\RAD Studio 10\\VirtualTreeView.groupproj",
			"compiler_min": 30
		}
	]
}
